https://www.linkedin.com/in/melanie-vanessa-240aa61a7,https://ml.linkedin.com/in/alhakimou-diallo-33162464,https://www.linkedin.com/in/ran-cao-101ba644,https://www.linkedin.com/in/akymx,https://www.linkedin.com/in/laurenlhoward14,https://www.linkedin.com/in/pengchenghan,https://www.linkedin.com/in/mohammed-kuko,https://www.linkedin.com/in/perrysellers,https://www.linkedin.com/in/jingting-hui-83bb9448,https://www.linkedin.com/in/weixingyang
https://www.linkedin.com/in/joannakon,https://www.linkedin.com/in/orpheus-mall-5399599,https://www.linkedin.com/in/atishjainms,https://ca.linkedin.com/in/rasoul-shahsavarifar-44770172,https://www.linkedin.com/in/akymx,https://www.linkedin.com/in/justin-garrard-b26613113,https://www.linkedin.com/in/kramer102,https://www.linkedin.com/in/fateme-najafi-b4a07557,https://www.linkedin.com/in/rohitatp,https://www.linkedin.com/in/william-hill-7103624
https://www.linkedin.com/in/priya-mohan-profile,https://www.linkedin.com/in/alexialewis,https://www.linkedin.com/in/amar-ippili,https://www.linkedin.com/in/samuel-adjei-8990ab13a,https://www.linkedin.com/in/neda-edalat-ph-d-5b5a9843,https://www.linkedin.com/in/rachael-stone-26152a102?trk=public_profile_browsemap_profile-result-card_result-card_full-click,https://www.linkedin.com/in/rohitatp/de,https://www.linkedin.com/in/yujunchen1,https://www.linkedin.com/in/yarandi,https://www.linkedin.com/in/mengyangfan
https://www.linkedin.com/in/yi-ling-40634737,https://www.linkedin.com/in/yuhao-zhou-2947981b,https://www.linkedin.com/in/james-riley-woodwell-86705b10b,https://uk.linkedin.com/in/grwhumphries,https://www.linkedin.com/in/brian-osborn-997b3322,https://www.linkedin.com/in/sanhehu,https://www.linkedin.com/in/malfihasangeo,https://cn.linkedin.com/in/jie-he-a6a21511,https://translate.google.com/translate?hl=en&sl=zh-CN&u=https://cn.linkedin.com/in/jie-he-a6a21511&prev=search&pto=aue,https://www.linkedin.com/in/ahassanzadeh-ai,https://fr.linkedin.com/in/sowsouleymane,https://translate.google.com/translate?hl=en&sl=fr&u=https://fr.linkedin.com/in/sowsouleymane&prev=search&pto=aue
https://in.linkedin.com/in/saheb-singh-chaddha-250984165,https://www.linkedin.com/in/fouad-al-rifaie-6aa11352,https://www.linkedin.com/in/jmarsha5,https://es.linkedin.com/in/ivanalvarezleon,https://www.linkedin.com/in/hyyyyli,https://www.linkedin.com/in/m-alfi-hasan-a9a35157?trk=pub-pbmap,https://fr.linkedin.com/in/binhnv78,https://www.linkedin.com/in/yi-ling-40634737/de,https://translate.google.com/translate?hl=en&sl=de&u=https://www.linkedin.com/in/yi-ling-40634737/de&prev=search&pto=aue,https://www.linkedin.com/in/yukeluo,https://www.linkedin.com/in/jingzhao-columbia
https://in.linkedin.com/in/sravani-tammana,https://www.linkedin.com/in/ming-cheng-361236155,https://www.linkedin.com/in/wenhangbao/zh-tw,https://translate.google.com/translate?hl=en&sl=zh-TW&u=https://www.linkedin.com/in/wenhangbao/zh-tw&prev=search&pto=aue,https://www.linkedin.com/in/neda-edalat-ph-d-5b5a9843/de,https://translate.google.com/translate?hl=en&sl=de&u=https://www.linkedin.com/in/neda-edalat-ph-d-5b5a9843/de&prev=search&pto=aue,https://www.linkedin.com/in/xuxian-chen-81b648b5,https://www.linkedin.com/in/shu-wang-8b594773,https://www.linkedin.com/in/jlcope,https://www.linkedin.com/in/ge-deng-46032847,https://www.linkedin.com/in/yuan-hung-chien-70896715,https://www.linkedin.com/in/andrewbernath
https://www.linkedin.com/in/parul-patel-4b70338,https://in.linkedin.com/in/adi552thesun,https://www.linkedin.com/in/tmkajikawa,https://www.linkedin.com/in/lina-zhou,https://www.linkedin.com/in/matthew-izeh-3b052153,https://do.linkedin.com/in/matthewalhonte/de,https://translate.google.com/translate?hl=en&sl=de&u=https://do.linkedin.com/in/matthewalhonte/de&prev=search&pto=aue,https://www.linkedin.com/in/weiqi-chen,https://www.linkedin.com/in/wwkklin,https://www.linkedin.com/in/guchao,https://nl.linkedin.com/in/huang-you-yue-ab59869a,https://translate.google.com/translate?hl=en&sl=nl&u=https://nl.linkedin.com/in/huang-you-yue-ab59869a&prev=search&pto=aue
https://au.linkedin.com/in/68613630,https://www.linkedin.com/in/derrick-jackson-95bb64136,https://www.linkedin.com/in/andy-dills-6745383,https://www.linkedin.com/in/soleyjh/de,https://translate.google.com/translate?hl=en&sl=de&u=https://www.linkedin.com/in/soleyjh/de&prev=search&pto=aue,https://www.linkedin.com/in/sangam-rijal,https://www.linkedin.com/in/jaeho-jung-621878199,https://www.linkedin.com/in/jonathan-ortiz-506a36129,https://tn.linkedin.com/in/mayssa-selmi-22a46517a,https://translate.google.com/translate?hl=en&sl=ar&u=https://tn.linkedin.com/in/mayssa-selmi-22a46517a&prev=search&pto=aue,https://www.linkedin.com/in/hiroki-tanaka-787147a4,https://www.linkedin.com/in/karamvir-singh-4000b41aa
https://www.linkedin.com/in/bryancjames,https://ae.linkedin.com/in/thomas-philip-667057b5,https://translate.google.com/translate?hl=en&sl=ar&u=https://ae.linkedin.com/in/thomas-philip-667057b5&prev=search&pto=aue,https://www.linkedin.com/in/rebecca-dimedio-b017423,https://www.linkedin.com/in/akymx/de,https://translate.google.com/translate?hl=en&sl=de&u=https://www.linkedin.com/in/akymx/de&prev=search&pto=aue,https://www.linkedin.com/in/sulari-rajapaksha-25202280,https://es.linkedin.com/in/ezaganidis,https://translate.google.com/translate?hl=en&sl=es&u=https://es.linkedin.com/in/ezaganidis&prev=search&pto=aue,https://www.linkedin.com/in/alexia-lewis-9a1516144,https://www.linkedin.com/in/zhuoying-joy-lin,https://www.linkedin.com/in/michael-the-data-guy-kaminsky
https://www.linkedin.com/in/yagao97/de,https://translate.google.com/translate?hl=en&sl=de&u=https://www.linkedin.com/in/yagao97/de&prev=search&pto=aue,https://www.linkedin.com/in/prathamesh-chhariya-a380856a,https://www.linkedin.com/in/basu-banstola-68a78824,https://www.linkedin.com/in/xiangyu-fan/en-us,https://td.linkedin.com/in/james-knight-3b3b2169?trk=pub-pbmap,https://www.linkedin.com/in/seyedehmojdeh-nasiri-91931453,https://www.linkedin.com/in/gen-mark-fred-466943135,https://www.linkedin.com/in/jimmy-nguyen-0811aa99,https://in.linkedin.com/in/narayana-pradhan-1631b3b1,https://ng.linkedin.com/in/temitope-egbodofo-107585168
https://www.linkedin.com/in/steven-gorrood-fairfax-2b341b170,https://www.linkedin.com/in/ahanor-osazeme,https://www.linkedin.com/in/alistair-johnson-6b838552,https://www.linkedin.com/in/luyu-liya-shen,https://www.linkedin.com/in/shushan-he-084b48176,https://www.linkedin.com/in/babatunde-ajeigbe-7a5971168,https://www.linkedin.com/in/prosenjitdataanalyst,https://ng.linkedin.com/in/daniel-wilson-68b82b192,https://www.linkedin.com/in/blake-samaha,https://www.linkedin.com/in/ursula-cole-5a37a3b7
https://www.linkedin.com/in/scott-wigle,https://de.linkedin.com/in/mohammadalrifai,https://translate.google.com/translate?hl=en&sl=de&u=https://de.linkedin.com/in/mohammadalrifai&prev=search&pto=aue,https://se.linkedin.com/in/kareem-gouda-168127a3/de,https://translate.google.com/translate?hl=en&sl=de&u=https://se.linkedin.com/in/kareem-gouda-168127a3/de&prev=search&pto=aue,https://in.linkedin.com/in/nilesh-kadam-98884948/%7Bcountry%3Did%2C+language%3Din%7D?trk=people-guest_profile-result-card_result-card_full-click,https://www.linkedin.com/in/mengyangfan/de,https://www.linkedin.com/in/mariusnguess,https://www.linkedin.com/in/clyde-andreas-924830137,https://uk.linkedin.com/in/quan-zhou-133369108,https://in.linkedin.com/in/kuldeep-nagar757,https://th.linkedin.com/in/noraphat-suwattananon-97221b19b,https://translate.google.com/translate?hl=en&sl=th&u=https://th.linkedin.com/in/noraphat-suwattananon-97221b19b&prev=search&pto=aue
https://www.linkedin.com/in/sabbah-mughel-58118b180,https://www.linkedin.com/in/william-yee-643176b0,https://www.linkedin.com/in/jeff-martinez-026024199,https://www.linkedin.com/in/guillermoramon,https://www.linkedin.com/in/chuanji-jessie-zhang-1a972466,https://www.linkedin.com/in/adebukola-aladeyelu-204962185?trk=public_profile_browsemap_profile-result-card_result-card_full-click,https://www.linkedin.com/in/zhangyiwan?trk=public_profile_browsemap_mini-profile_title,https://www.linkedin.com/in/vinayakmk,https://www.linkedin.com/in/jis14027,https://www.linkedin.com/in/william-mccue-b10658176
https://www.linkedin.com/in/professionaludaythombre,https://www.linkedin.com/in/matthewjcamp,https://www.linkedin.com/in/aliciasyrett,https://www.linkedin.com/in/bjorn-johnson-06984b1b3,https://www.linkedin.com/in/lishen-xia-b9899759,https://www.linkedin.com/in/joshbutch,https://fr.linkedin.com/in/sali-dauda-m-710978123,https://translate.google.com/translate?hl=en&sl=fr&u=https://fr.linkedin.com/in/sali-dauda-m-710978123&prev=search&pto=aue,https://www.linkedin.com/in/mariovela,https://www.linkedin.com/in/lavada-blanton,https://www.linkedin.com/in/xiangkaihuang
https://www.linkedin.com/in/joelponder,https://www.linkedin.com/in/mekides-bekele-2b2894183,https://www.linkedin.com/in/john-li-b30a0820,https://www.linkedin.com/in/amir-abbas-kazemzadeh-05156259,https://www.linkedin.com/in/maitry-shah-10,https://in.linkedin.com/in/saurabh-khare-03341a36/%7Bcountry%3Djp%2C+language%3Dja%7D?trk=people-guest_profile-result-card_result-card_full-click,https://www.linkedin.com/in/joey-wright-11329088,https://www.linkedin.com/in/michael-thompson-b18b0a18,https://www.linkedin.com/in/michael-jibas-4a463418b,https://qa.linkedin.com/in/mouna-toumi-chaaba-0115b616,https://translate.google.com/translate?hl=en&sl=ar&u=https://qa.linkedin.com/in/mouna-toumi-chaaba-0115b616&prev=search&pto=aue
https://www.linkedin.com/in/nhungnguyen2512,https://www.linkedin.com/in/walter-simmons-4a60981a3,https://www.linkedin.com/in/bowen-shi-031957145,https://www.linkedin.com/in/zhenglian-xie-12b844a2,https://tn.linkedin.com/in/amal-yahyaoui-965ba576,https://translate.google.com/translate?hl=en&sl=ar&u=https://tn.linkedin.com/in/amal-yahyaoui-965ba576&prev=search&pto=aue,https://www.linkedin.com/in/qing-ren-867a2573,https://www.linkedin.com/in/minwoosun,https://www.linkedin.com/in/yi-yang12,https://www.linkedin.com/in/jessicafnelson,https://www.linkedin.com/in/bingnan-li
https://www.linkedin.com/in/lyuzhongkun/en-us,https://translate.google.com/translate?hl=en&sl=zh-CN&u=https://www.linkedin.com/in/lyuzhongkun/en-us&prev=search&pto=aue,https://www.linkedin.com/in/prachi-sharma-603aa81,https://www.linkedin.com/in/joshua-stephenson-485792121,https://www.linkedin.com/in/silvia-chen-bb108630/%7Bcountry%3Dcn%2C+language%3Dzh%7D?trk=people-guest_profile-result-card_result-card_full-click,https://www.linkedin.com/in/justin-clark-b5558813b,https://tn.linkedin.com/in/yasmine-becha-094088195,https://translate.google.com/translate?hl=en&sl=ar&u=https://tn.linkedin.com/in/yasmine-becha-094088195&prev=search&pto=aue,https://www.linkedin.com/in/eddie-higgins-b74518134,https://ng.linkedin.com/in/ibrahim-mohammad-b32b0266,https://www.linkedin.com/in/michelle-jaffee-9313b583,https://www.linkedin.com/in/aimei-wei-3857331b/%7Bcountry%3Dcn%2C+language%3Dzh%7D?trk=people-guest_profile-result-card_result-card_full-click
https://www.linkedin.com/in/monique-m-layne,https://www.linkedin.com/in/yvens-dalmeida-b481a024,https://ke.linkedin.com/in/naom-kemunto-b91ab2187,https://www.linkedin.com/in/wanningchen,https://in.linkedin.com/in/tony-prakash-3a35a646,https://www.linkedin.com/in/triyankaery/de,https://in.linkedin.com/in/arjun-gajmer-544850166,https://gh.linkedin.com/in/desmond-soono-01288b1a4,https://www.linkedin.com/in/bowen-sun-31481bb9,https://www.linkedin.com/in/babu-mohammad
https://www.linkedin.com/in/xinlimerage,https://www.linkedin.com/in/michael-ponds-57a972129,https://www.linkedin.com/in/harish-chittoor-parasuraman,https://uk.linkedin.com/in/chien-hung-yeh-850973120,https://www.linkedin.com/in/ram-khatiwada/de,https://au.linkedin.com/in/manju-shah-,https://www.linkedin.com/in/daniel-montano-712543124,https://www.linkedin.com/in/malinda-mercy-15421675,https://kr.linkedin.com/in/kingmbc,https://translate.google.com/translate?hl=en&sl=ko&u=https://kr.linkedin.com/in/kingmbc&prev=search&pto=aue,https://www.linkedin.com/in/ru-chen-73ab55143
https://www.linkedin.com/in/evelynclairmo,https://ir.linkedin.com/in/syed-muhammad-syed-tariq-09a6a0181,https://www.linkedin.com/in/kerry-ann-higuera,https://il.linkedin.com/in/or-zinger,https://www.linkedin.com/in/fay-shirazi-60707b32,https://www.linkedin.com/in/siddharthgorthy/de,https://www.linkedin.com/in/jordan-brooks-b2a015127,https://www.linkedin.com/in/alex-jeseo-a51498132,https://www.linkedin.com/in/yunhu-choi/de,https://translate.google.com/translate?hl=en&sl=de&u=https://www.linkedin.com/in/yunhu-choi/de&prev=search&pto=aue,https://www.linkedin.com/in/orianlin/en-us
https://de.linkedin.com/in/rolf-chung,https://cn.linkedin.com/in/kuo-hsiang-huang-m-phil-ph-d-0b863645,https://translate.google.com/translate?hl=en&sl=zh-CN&u=https://cn.linkedin.com/in/kuo-hsiang-huang-m-phil-ph-d-0b863645&prev=search&pto=aue,https://www.linkedin.com/in/marcie-kensinger-9a262519a,https://www.linkedin.com/in/ayman-barsoum-93b668194,https://www.linkedin.com/in/connor-drake-568380163,https://www.linkedin.com/in/tait-bowers-406a636,https://www.linkedin.com/in/megan-zimmerman-3450a8a5,https://ng.linkedin.com/in/david-ogbu-7637a293,https://www.linkedin.com/in/viswanath-narayan-9608a62/,https://www.linkedin.com/in/cheikh-vayda-521526188
https://nz.linkedin.com/in/farheinakmal,https://www.linkedin.com/in/yunhu-choi,https://il.linkedin.com/in/nisim-gadot-0760a031,https://www.linkedin.com/in/davidfritz13,https://www.linkedin.com/in/anil-g,https://nl.linkedin.com/in/michael-costello-36aa6a14,https://translate.google.com/translate?hl=en&sl=nl&u=https://nl.linkedin.com/in/michael-costello-36aa6a14&prev=search&pto=aue,https://www.linkedin.com/in/tyrone-hunt-4b329695,https://www.linkedin.com/in/tingrong-tang-a94a3b37,https://nl.linkedin.com/in/vefagulecyuz/de,https://translate.google.com/translate?hl=en&sl=de&u=https://nl.linkedin.com/in/vefagulecyuz/de&prev=search&pto=aue,https://www.linkedin.com/in/marlee-c-johnson-830aa787,https://translate.google.com/translate?hl=en&sl=es&u=https://www.linkedin.com/in/marlee-c-johnson-830aa787&prev=search&pto=aue
https://www.linkedin.com/in/junge-wang-b29b97159,https://www.linkedin.com/in/john-bedoya-502b29105,https://www.linkedin.com/in/annamalai-kathirkamanathan-60b80710a,https://www.linkedin.com/in/devin-garcia-186b49131,https://www.linkedin.com/in/farhadbalali,https://www.linkedin.com/in/brenthaub,https://www.linkedin.com/in/isauro-meza-24a723119,https://www.linkedin.com/in/siddharth-chauhan-270049103,https://www.linkedin.com/in/chris-olusanya-432a6146/de,https://www.linkedin.com/in/bernardo-garcia-data-analyst
https://uk.linkedin.com/in/ibukun-adewale-b911a49,https://www.linkedin.com/in/prasanth-217bba3b,https://www.linkedin.com/in/michaelphilliplee,https://www.linkedin.com/in/lee-lehmann-a34125122,https://www.linkedin.com/in/nicholas-wegman-73a490121,https://www.linkedin.com/in/wyattdaniel,https://www.linkedin.com/in/sampson-akwafuo-44978a127,https://www.linkedin.com/in/clayton-perry-104a85a8,https://www.linkedin.com/in/saswat-satapathy-371418103,https://www.linkedin.com/in/dale-crisp-4881bb71
https://www.linkedin.com/in/nathan-farmer-709939185,https://th.linkedin.com/in/minhdinh,https://translate.google.com/translate?hl=en&sl=th&u=https://th.linkedin.com/in/minhdinh&prev=search&pto=aue,https://www.linkedin.com/in/shangzhen-chen-b64204157,https://uk.linkedin.com/in/christopher-orrell,https://www.linkedin.com/in/corinne-hartin-11002143,https://www.linkedin.com/in/ankitachandrachud,https://uk.linkedin.com/in/toby-elliott-80a106bb,https://www.linkedin.com/in/siyang-zhang-5b4115108/%7Bcountry%3Des%2C+language%3Des%7D?trk=people-guest_profile-result-card_result-card_full-click,https://www.linkedin.com/in/mary-perrine-b8442990,https://ng.linkedin.com/in/seyi-olaniyi-220976162
https://www.linkedin.com/in/leonard-chang-5645514,https://www.linkedin.com/in/qian-zhao-a3b194126,https://ir.linkedin.com/in/mohammadheydari,https://www.linkedin.com/in/ashley-cottom-8353717b,https://www.linkedin.com/in/david-suon-055286122,https://www.linkedin.com/in/alice-hu-4483813b,https://uk.linkedin.com/in/sheng-hsuan-chu-988b26173,https://www.linkedin.com/in/yizhe-tang-kristen,https://www.linkedin.com/in/zahrahajee,https://www.linkedin.com/in/andrew-henrikson-54b964135
https://ve.linkedin.com/in/macv1031,https://translate.google.com/translate?hl=en&sl=es&u=https://ve.linkedin.com/in/macv1031&prev=search&pto=aue,https://www.linkedin.com/in/brantley-harper-268607158,https://nl.linkedin.com/in/yu-wen-huang-wendy?trk=public_profile_samename_mini-profile_title,https://www.linkedin.com/in/nik-barbieri-92b60a42,https://www.linkedin.com/in/shivratangupta,https://www.linkedin.com/in/lucia-y-610421189?trk=public_profile_samename_profile_profile-result-card_result-card_full-click,https://www.linkedin.com/in/fan-zhang-7959b352,https://www.linkedin.com/in/olakunle-arijeloye-829906132,https://ng.linkedin.com/in/obiajulu-achi-5856b5121,https://www.linkedin.com/in/a-mani-irannejad-ph-d-98a20616
https://www.linkedin.com/in/sachindra-mondal-a2546920,https://au.linkedin.com/in/mclpe,https://in.linkedin.com/in/gmidassociatesanalytics,https://www.linkedin.com/in/jonghyuk-kim-71a17947,https://www.linkedin.com/in/prosenjitdataanalyst/de,https://ae.linkedin.com/in/dr-mohammad-al-rifai-01116377,https://translate.google.com/translate?hl=en&sl=ar&u=https://ae.linkedin.com/in/dr-mohammad-al-rifai-01116377&prev=search&pto=aue,https://www.linkedin.com/in/brennon-shepherd-5731a1188?trk=public_profile_browsemap_profile-result-card_result-card_full-click,https://in.linkedin.com/in/aman-monga-20579b57,https://www.linkedin.com/in/sandicstroud,https://www.linkedin.com/in/long-nguyen-phd-mph-46a11414
https://www.linkedin.com/in/anusha-k-8a7297174,https://www.linkedin.com/in/thelinguistkeithjohnson,https://www.linkedin.com/in/christopher-chism-70a282a3,https://www.linkedin.com/in/pius-mrema-038bb3140,https://www.linkedin.com/in/kouam%C3%A9-jules-yao-28614996,https://translate.google.com/translate?hl=en&sl=fr&u=https://www.linkedin.com/in/kouam%25C3%25A9-jules-yao-28614996&prev=search&pto=aue,https://www.linkedin.com/in/robert-bennett2,https://www.linkedin.com/in/tim-jansen-427812154,https://www.linkedin.com/in/harsh-patel-0426,https://www.linkedin.com/in/jeremy-elam-7a5480102,https://www.linkedin.com/in/tai-yu-daisy-wu
